[
 {
  "flower": 2,
  "bottle": 1,
  "arrowhead": 3,
  "egg": 6,
  "coin": 5,
  "heirlooms": 2,
  "lost_jewelry": 5,
  "random": 1,
  "tarot_cards": 5,
  "fossils": 2,
  "date": "2024-01-31"
 }, {
  "flower": 1,
  "bottle": 5,
  "arrowhead": 6,
  "egg": 4,
  "coin": 4,
  "heirlooms": 5,
  "lost_jewelry": 2,
  "random": 5,
  "tarot_cards": 3,
  "fossils": 3,
  "date": "2024-02-01"
 }, {
  "flower": 2,
  "bottle": 1,
  "arrowhead": 1,
  "egg": 1,
  "coin": 6,
  "heirlooms": 2,
  "lost_jewelry": 4,
  "random": 6,
  "tarot_cards": 5,
  "fossils": 5,
  "date": "2024-02-02"
 }, {
  "flower": 4,
  "bottle": 5,
  "arrowhead": 4,
  "egg": 5,
  "coin": 5,
  "heirlooms": 4,
  "lost_jewelry": 6,
  "random": 1,
  "tarot_cards": 6,
  "fossils": 6,
  "date": "2024-02-03"
 }, {
  "flower": 1,
  "bottle": 3,
  "arrowhead": 1,
  "egg": 2,
  "coin": 2,
  "heirlooms": 2,
  "lost_jewelry": 3,
  "random": 4,
  "tarot_cards": 1,
  "fossils": 1,
  "date": "2024-02-04"
 }, {
  "flower": 3,
  "bottle": 5,
  "arrowhead": 3,
  "egg": 3,
  "coin": 6,
  "heirlooms": 1,
  "lost_jewelry": 2,
  "random": 5,
  "tarot_cards": 3,
  "fossils": 5,
  "date": "2024-02-05"
 }, {
  "flower": 1,
  "bottle": 1,
  "arrowhead": 2,
  "egg": 5,
  "coin": 5,
  "heirlooms": 6,
  "lost_jewelry": 1,
  "random": 3,
  "tarot_cards": 6,
  "fossils": 6,
  "date": "2024-02-06"
 }, {
  "flower": 6,
  "bottle": 5,
  "arrowhead": 5,
  "egg": 4,
  "coin": 4,
  "heirlooms": 5,
  "lost_jewelry": 4,
  "random": 4,
  "tarot_cards": 1,
  "fossils": 1,
  "date": "2024-02-07"
 }, {
  "flower": 2,
  "bottle": 1,
  "arrowhead": 4,
  "egg": 6,
  "coin": 3,
  "heirlooms": 4,
  "lost_jewelry": 3,
  "random": 1,
  "tarot_cards": 4,
  "fossils": 3,
  "date": "2024-02-08"
 }, {
  "flower": 4,
  "bottle": 2,
  "arrowhead": 6,
  "egg": 3,
  "coin": 1,
  "heirlooms": 2,
  "lost_jewelry": 6,
  "random": 6,
  "tarot_cards": 6,
  "fossils": 5,
  "date": "2024-02-09"
 }, {
  "flower": 5,
  "bottle": 6,
  "arrowhead": 5,
  "egg": 5,
  "coin": 4,
  "heirlooms": 4,
  "lost_jewelry": 4,
  "random": 2,
  "tarot_cards": 4,
  "fossils": 4,
  "date": "2024-02-10"
 }, {
  "flower": 1,
  "bottle": 1,
  "arrowhead": 2,
  "egg": 1,
  "coin": 1,
  "heirlooms": 2,
  "lost_jewelry": 2,
  "random": 6,
  "tarot_cards": 3,
  "fossils": 1,
  "date": "2024-02-11"
 }, {
  "flower": 6,
  "bottle": 6,
  "arrowhead": 1,
  "egg": 4,
  "coin": 4,
  "heirlooms": 1,
  "lost_jewelry": 3,
  "random": 5,
  "tarot_cards": 2,
  "fossils": 5,
  "date": "2024-02-12"
 }, {
  "flower": 4,
  "bottle": 2,
  "arrowhead": 3,
  "egg": 1,
  "coin": 1,
  "heirlooms": 6,
  "lost_jewelry": 6,
  "random": 1,
  "tarot_cards": 6,
  "fossils": 6,
  "date": "2024-02-13"
 }, {
  "flower": 5,
  "bottle": 6,
  "arrowhead": 2,
  "egg": 5,
  "coin": 5,
  "heirlooms": 5,
  "lost_jewelry": 5,
  "random": 2,
  "tarot_cards": 4,
  "fossils": 1,
  "date": "2024-02-14"
 }, {
  "flower": 3,
  "bottle": 2,
  "arrowhead": 5,
  "egg": 2,
  "coin": 2,
  "heirlooms": 6,
  "lost_jewelry": 3,
  "random": 1,
  "tarot_cards": 2,
  "fossils": 5,
  "date": "2024-02-15"
 }, {
  "flower": 6,
  "bottle": 6,
  "arrowhead": 6,
  "egg": 5,
  "coin": 3,
  "heirlooms": 5,
  "lost_jewelry": 5,
  "random": 5,
  "tarot_cards": 5,
  "fossils": 6,
  "date": "2024-02-16"
 }, {
  "flower": 4,
  "bottle": 4,
  "arrowhead": 5,
  "egg": 4,
  "coin": 4,
  "heirlooms": 4,
  "lost_jewelry": 6,
  "random": 1,
  "tarot_cards": 6,
  "fossils": 4,
  "date": "2024-02-17"
 }, {
  "flower": 2,
  "bottle": 2,
  "arrowhead": 3,
  "egg": 2,
  "coin": 1,
  "heirlooms": 2,
  "lost_jewelry": 3,
  "random": 4,
  "tarot_cards": 2,
  "fossils": 1,
  "date": "2024-02-18"
 }, {
  "flower": 3,
  "bottle": 4,
  "arrowhead": 6,
  "egg": 4,
  "coin": 2,
  "heirlooms": 3,
  "lost_jewelry": 1,
  "random": 3,
  "tarot_cards": 3,
  "fossils": 4,
  "date": "2024-02-19"
 }, {
  "flower": 2,
  "bottle": 3,
  "arrowhead": 3,
  "egg": 3,
  "coin": 6,
  "heirlooms": 6,
  "lost_jewelry": 5,
  "random": 2,
  "tarot_cards": 5,
  "fossils": 5,
  "date": "2024-02-20"
 }, {
  "flower": 5,
  "bottle": 5,
  "arrowhead": 2,
  "egg": 1,
  "coin": 5,
  "heirlooms": 5,
  "lost_jewelry": 3,
  "random": 1,
  "tarot_cards": 1,
  "fossils": 4,
  "date": "2024-02-21"
 }, {
  "flower": 1,
  "bottle": 2,
  "arrowhead": 5,
  "egg": 4,
  "coin": 4,
  "heirlooms": 6,
  "lost_jewelry": 1,
  "random": 6,
  "tarot_cards": 6,
  "fossils": 2,
  "date": "2024-02-22"
 }, {
  "flower": 4,
  "bottle": 6,
  "arrowhead": 2,
  "egg": 5,
  "coin": 6,
  "heirlooms": 5,
  "lost_jewelry": 2,
  "random": 5,
  "tarot_cards": 4,
  "fossils": 3,
  "date": "2024-02-23"
 }, {
  "flower": 5,
  "bottle": 4,
  "arrowhead": 5,
  "egg": 4,
  "coin": 5,
  "heirlooms": 4,
  "lost_jewelry": 5,
  "random": 1,
  "tarot_cards": 6,
  "fossils": 4,
  "date": "2024-02-24"
 }, {
  "flower": 3,
  "bottle": 2,
  "arrowhead": 2,
  "egg": 1,
  "coin": 3,
  "heirlooms": 1,
  "lost_jewelry": 2,
  "random": 5,
  "tarot_cards": 3,
  "fossils": 3,
  "date": "2024-02-25"
 }, {
  "flower": 4,
  "bottle": 3,
  "arrowhead": 5,
  "egg": 6,
  "coin": 5,
  "heirlooms": 3,
  "lost_jewelry": 6,
  "random": 3,
  "tarot_cards": 2,
  "fossils": 2,
  "date": "2024-02-26"
 }, {
  "flower": 3,
  "bottle": 6,
  "arrowhead": 4,
  "egg": 2,
  "coin": 6,
  "heirlooms": 1,
  "lost_jewelry": 4,
  "random": 5,
  "tarot_cards": 4,
  "fossils": 4,
  "date": "2024-02-27"
 }
]