[
  { "text": "fasttravel.annesburg", "x": -43.4814, "y": 156.7450 },
  { "text": "fasttravel.armadillo", "x": -104.3897, "y": 53.4547 },
  { "text": "fasttravel.blackwater", "x": -82.9581, "y": 99.7447 },
  { "text": "fasttravel.colter", "x": -25.9919, "y": 91.0348 },
  { "text": "fasttravel.emerald", "x": -56.8038, "y": 134.8028 },
  { "text": "fasttravel.lagras", "x": -72.6373, "y": 143.8494 },
  { "text": "fasttravel.macfarlanes", "x": -101.5375, "y": 72.4558 },
  { "text": "fasttravel.manzanita", "x": -88.5856, "y": 80.8118 },
  { "text": "fasttravel.rhodes", "x": -83.6534, "y": 130.6434 },
  { "text": "fasttravel.saint_denis", "x": -86.3787, "y": 152.6896 },
  { "text": "fasttravel.strawberry", "x": -70.0300, "y": 84.3196 },
  { "text": "fasttravel.tumbleweed", "x": -109.3272, "y": 26.8317 },
  { "text": "fasttravel.valentine", "x": -53.6020, "y": 108.3971 },
  { "text": "fasttravel.van_horn", "x": -53.7409, "y": 156.3243 },
  { "text": "fasttravel.wapiti", "x": -29.7933, "y": 118.8076 }
]