[
  {
    "category": "coastal",
    "price": 217,
    "itemsList": [
      {"itemId": "collector_fossil_bivalve", "price": 14, "enumHash": 972001444},
      {"itemId": "collector_fossil_brachiopod", "price": 14.5, "enumHash": 1051711290},
      {"itemId": "collector_fossil_pet_wood", "price": 15.5, "enumHash": -925996336},
      {"itemId": "collector_fossil_cephalopod", "price": 15, "enumHash": -564862271},
      {"itemId": "collector_fossil_stone", "price": 15.75, "enumHash": -413279196},
      {"itemId": "collector_fossil_neo", "price": 17.5, "enumHash": -282219948},
      {"itemId": "collector_fossil_coral", "price": 16.25, "enumHash": 698668228}
    ]
  },
  {
    "category": "oceanic",
    "price": 288.5,
    "itemsList": [
      {"itemId": "collector_fossil_trilobite_iso", "price": 21.5, "enumHash": 866218183},
      {"itemId": "collector_fossil_sea_lily", "price": 20, "enumHash": 1287909434},
      {"itemId": "collector_fossil_trilobite_crypto", "price": 19, "enumHash": -1695562218},
      {"itemId": "collector_fossil_pet_wood_yellow_cat", "price": 19.5, "enumHash": -1471980896},
      {"itemId": "collector_fossil_pet_wood_rainbow", "price": 18.5, "enumHash": -488648162},
      {"itemId": "collector_fossil_sea_scorpion", "price": 22.75, "enumHash": -399160143},
      {"itemId": "collector_fossil_tully_monster", "price": 23, "enumHash": 212472674}
    ]
  },
  {
    "category": "megafauna",
    "price": 321,
    "itemsList": [
      {"itemId": "collector_fossil_tooth_serrated", "price": 24.5, "enumHash": 2031475177},
      {"itemId": "collector_fossil_toe_claw", "price": 25.5, "enumHash": -1962391614},
      {"itemId": "collector_fossil_tail_spike", "price": 27.5, "enumHash": -1901964465},
      {"itemId": "collector_fossil_brow_horn", "price": 28.25, "enumHash": -1574273736},
      {"itemId": "collector_fossil_tooth_trex", "price": 30, "enumHash": -669648037},
      {"itemId": "collector_fossil_tooth_mega", "price": 24.75, "enumHash": 1081670855}
    ]
  },
  {
    "category": "flower",
    "price": 155.5,
    "itemsList": [
      {"itemId": "provision_wldflwr_texas_blue_bonnet", "price": 8.5, "enumHash": 2605459},
      {"itemId": "provision_wldflwr_bitterweed", "price": 8.5, "enumHash": 1071702353},
      {"itemId": "provision_wldflwr_agarita", "price": 10.5, "enumHash": 1338475089},
      {"itemId": "provision_wldflwr_wild_rhubarb", "price": 7.25, "enumHash": 1602215994},
      {"itemId": "provision_wldflwr_cardinal_flower", "price": 7, "enumHash": -1957546791},
      {"itemId": "provision_wldflwr_creek_plum", "price": 10.2, "enumHash": -1776738559},
      {"itemId": "provision_wldflwr_blood_flower", "price": 10.25, "enumHash": -1183422860},
      {"itemId": "provision_wldflwr_chocolate_daisy", "price": 7.25, "enumHash": -589542533},
      {"itemId": "provision_wldflwr_wisteria", "price": 8.25, "enumHash": -396757268}
    ]
  },
  {
    "category": "cups",
    "price": 240.5,
    "itemsList": [
      {"itemId": "document_card_ace_cups", "price": 12, "enumHash": -163158070},
      {"itemId": "document_card_two_cups", "price": 7.75, "enumHash": -1503977063},
      {"itemId": "document_card_three_cups", "price": 7.75, "enumHash": 780474809},
      {"itemId": "document_card_four_cups", "price": 7.75, "enumHash": 2002017787},
      {"itemId": "document_card_five_cups", "price": 8, "enumHash": -1937978205},
      {"itemId": "document_card_six_cups", "price": 8, "enumHash": -906665413},
      {"itemId": "document_card_seven_cups", "price": 7.5, "enumHash": -166875730},
      {"itemId": "document_card_eight_cups", "price": 7.75, "enumHash": -1485299891},
      {"itemId": "document_card_nine_cups", "price": 7.75, "enumHash": -518056479},
      {"itemId": "document_card_ten_cups", "price": 7.5, "enumHash": 113535009},
      {"itemId": "document_card_page_cups", "price": 8.5, "enumHash": 1299302457},
      {"itemId": "document_card_knight_cups", "price": 9, "enumHash": 125940045},
      {"itemId": "document_card_queen_cups", "price": 10, "enumHash": -2083620375},
      {"itemId": "document_card_king_cups", "price": 11, "enumHash": 1796104920}
    ]
  },
  {
    "category": "swords",
    "price": 286.5,
    "itemsList": [
      {"itemId": "document_card_ace_swords", "price": 14.5, "enumHash": 1367469686},
      {"itemId": "document_card_two_swords", "price": 9.5, "enumHash": -1634516097},
      {"itemId": "document_card_three_swords", "price": 9.25, "enumHash": -322231256},
      {"itemId": "document_card_four_swords", "price": 9.25, "enumHash": -173673073},
      {"itemId": "document_card_five_swords", "price": 9.25, "enumHash": 1421431411},
      {"itemId": "document_card_six_swords", "price": 9, "enumHash": -2079764912},
      {"itemId": "document_card_seven_swords", "price": 9, "enumHash": -581875397},
      {"itemId": "document_card_eight_swords", "price": 9, "enumHash": -172592270},
      {"itemId": "document_card_nine_swords", "price": 9.25, "enumHash": 2044772006},
      {"itemId": "document_card_ten_swords", "price": 9, "enumHash": 1926107175},
      {"itemId": "document_card_page_swords", "price": 10, "enumHash": -1533342244},
      {"itemId": "document_card_knight_swords", "price": 11, "enumHash": -2098877713},
      {"itemId": "document_card_queen_swords", "price": 12, "enumHash": 1841524557},
      {"itemId": "document_card_king_swords", "price": 13.25, "enumHash": -2132509733}
    ]
  },
  {
    "category": "wands",
    "price": 239,
    "itemsList": [
      {"itemId": "document_card_ace_wands", "price": 12, "enumHash": -1968768543},
      {"itemId": "document_card_two_wands", "price": 7.5, "enumHash": -1431438550},
      {"itemId": "document_card_three_wands", "price": 7.5, "enumHash": 215580102},
      {"itemId": "document_card_four_wands", "price": 8, "enumHash": 2051310739},
      {"itemId": "document_card_five_wands", "price": 7.75, "enumHash": -2078537312},
      {"itemId": "document_card_six_wands", "price": 7.25, "enumHash": -920474102},
      {"itemId": "document_card_seven_wands", "price": 7.5, "enumHash": 1156167154},
      {"itemId": "document_card_eight_wands", "price": 7.75, "enumHash": 74495272},
      {"itemId": "document_card_nine_wands", "price": 7.75, "enumHash": -715051670},
      {"itemId": "document_card_ten_wands", "price": 8, "enumHash": -1333497650},
      {"itemId": "document_card_page_wands", "price": 8.5, "enumHash": -222405083},
      {"itemId": "document_card_knight_wands", "price": 9, "enumHash": 1782725274},
      {"itemId": "document_card_queen_wands", "price": 10, "enumHash": 1013011582},
      {"itemId": "document_card_king_wands", "price": 11, "enumHash": 110185544}
    ]
  },
  {
    "category": "pentacles",
    "price": 287,
    "itemsList": [
      {"itemId": "document_card_ace_pentacles", "price": 14.5, "enumHash": 695579895},
      {"itemId": "document_card_two_pentacles", "price": 9, "enumHash": -796183751},
      {"itemId": "document_card_three_pentacles", "price": 9.5, "enumHash": 1025032918},
      {"itemId": "document_card_four_pentacles", "price": 9.25, "enumHash": -1405474507},
      {"itemId": "document_card_five_pentacles", "price": 9.25, "enumHash": 1530504034},
      {"itemId": "document_card_six_pentacles", "price": 9, "enumHash": 1159809525},
      {"itemId": "document_card_seven_pentacles", "price": 9, "enumHash": -2029903517},
      {"itemId": "document_card_eight_pentacles", "price": 9, "enumHash": -184379884},
      {"itemId": "document_card_nine_pentacles", "price": 9.5, "enumHash": 614214934},
      {"itemId": "document_card_ten_pentacles", "price": 9.25, "enumHash": -2139092482},
      {"itemId": "document_card_page_pentacles", "price": 10, "enumHash": 738218396},
      {"itemId": "document_card_knight_pentacles", "price": 11, "enumHash": -98060753},
      {"itemId": "document_card_queen_pentacles", "price": 12, "enumHash": -2053993543},
      {"itemId": "document_card_king_pentacles", "price": 13.25, "enumHash": 620291574}
    ]
  },
  {
    "category": "bracelet",
    "price": 271.5,
    "itemsList": [
      {"itemId": "provision_jewelry_sphr_bracelet", "price": 18, "enumHash": 232063688},
      {"itemId": "provision_jewelry_dmnd_bngle_bracelet", "price": 17, "enumHash": 308818593},
      {"itemId": "provision_jewelry_gld_bngle_bracelet", "price": 17, "enumHash": 600432608},
      {"itemId": "provision_jewelry_sphr_bngle_bracelet", "price": 17.75, "enumHash": 1107778901},
      {"itemId": "provision_jewelry_pearl_bracelet", "price": 16.5, "enumHash": 1645128206},
      {"itemId": "provision_jewelry_turquoise_bracelet", "price": 16.75, "enumHash": -1523419995},
      {"itemId": "provision_jewelry_carved_bracelet", "price": 16.5, "enumHash": -523530337},
      {"itemId": "provision_jewelry_grnet_bracelet", "price": 16.25, "enumHash": -313250059}
    ]
  },
  {
    "category": "earring",
    "price": 364.5,
    "itemsList": [
      {"itemId": "provision_jewelry_drop_earring", "price": 15.5, "enumHash": 324548078},
      {"itemId": "provision_jewelry_qn_dmnd_earring", "price": 17.25, "enumHash": 333760707},
      {"itemId": "provision_jewelry_turq_stud_earring", "price": 15.75, "enumHash": 996250359},
      {"itemId": "provision_jewelry_wht_dmnd_earring", "price": 18.5, "enumHash": 1289018795},
      {"itemId": "provision_jewelry_elk_tooth_earring", "price": 15.5, "enumHash": 1466045897},
      {"itemId": "provision_jewelry_grnet_post_earring", "price": 16, "enumHash": -1804185681},
      {"itemId": "provision_jewelry_emerald_earring", "price": 15.75, "enumHash": -1370882316},
      {"itemId": "provision_jewelry_rudy_dngl_earring", "price": 16.5, "enumHash": -1350438989},
      {"itemId": "provision_jewelry_dmnd_pendt_earring", "price": 19.25, "enumHash": -1324394408},
      {"itemId": "provision_jewelry_pearl_earring", "price": 16, "enumHash": -644738616},
      {"itemId": "provision_jewelry_coral_dngl_earring", "price": 16.25, "enumHash": -162108183}
    ]
  },
  {
    "category": "necklace",
    "price": 335,
    "itemsList": [
      {"itemId": "provision_jewelry_porcelain_necklace", "price": 18.75, "enumHash": 61850108},
      {"itemId": "provision_jewelry_slvr_pearl_necklace", "price": 17.75, "enumHash": 205445966},
      {"itemId": "provision_jewelry_mthr_pearl_necklace", "price": 18.25, "enumHash": 456059252},
      {"itemId": "provision_jewelry_gld_cross_necklace", "price": 17.25, "enumHash": 575547207},
      {"itemId": "provision_jewelry_amethyst_necklace", "price": 18, "enumHash": 686159610},
      {"itemId": "provision_jewelry_gld_pearl_necklace", "price": 18.5, "enumHash": -1579131656},
      {"itemId": "provision_jewelry_gld_pendt_necklace", "price": 19.5, "enumHash": -939330110},
      {"itemId": "provision_jewelry_topaz_necklace", "price": 18.75, "enumHash": -888745206},
      {"itemId": "provision_jewelry_blck_pearl_necklace", "price": 20.75, "enumHash": -526980287}
    ]
  },
  {
    "category": "ring",
    "price": 378,
    "itemsList": [
      {"itemId": "provision_jewelry_coral_ring", "price": 16.75, "enumHash": 49516917},
      {"itemId": "provision_jewelry_pers_turq_ring", "price": 16.5, "enumHash": 289416445},
      {"itemId": "provision_jewelry_moon_ring", "price": 16.75, "enumHash": 319991179},
      {"itemId": "provision_jewelry_pearl_ring", "price": 16.75, "enumHash": 391412462},
      {"itemId": "provision_jewelry_topaz_ring", "price": 17, "enumHash": 1926912008},
      {"itemId": "provision_jewelry_french_dmnd_ring", "price": 18.5, "enumHash": -1893135121},
      {"itemId": "provision_jewelry_ylwgld_dmnd_ring", "price": 17.75, "enumHash": -1461195441},
      {"itemId": "provision_jewelry_onyx_ring", "price": 16.5, "enumHash": -1430911710},
      {"itemId": "provision_jewelry_emerald_ring", "price": 16.5, "enumHash": -836035669},
      {"itemId": "provision_jewelry_whtgld_dmnd_ring", "price": 19.25, "enumHash": -288598209},
      {"itemId": "provision_jewelry_turquoise_ring", "price": 16.75, "enumHash": -209370662}
    ]
  },
  {
    "category": "bottle",
    "price": 160.5,
    "itemsList": [
      {"itemId": "consumable_tenn_whiskey", "price": 7.25, "enumHash": 941442568},
      {"itemId": "consumable_irish_whiskey", "price": 10.25, "enumHash": 1135560775},
      {"itemId": "consumable_scotch_whiskey", "price": 10.5, "enumHash": 1209263432},
      {"itemId": "consumable_cyprus_brandy", "price": 9, "enumHash": 1465762285},
      {"itemId": "consumable_plymouth_gin", "price": 9, "enumHash": 1565126061},
      {"itemId": "consumable_oldtom_gin", "price": 10.5, "enumHash": 1603716279},
      {"itemId": "consumable_carib_rum", "price": 7.75, "enumHash": -897008046},
      {"itemId": "consumable_cognac", "price": 8.75, "enumHash": -392829098},
      {"itemId": "consumable_londry_gin", "price": 7.25, "enumHash": -130873515}
    ]
  },
  {
    "category": "egg",
    "price": 182.5,
    "itemsList": [
      {"itemId": "provision_spoonbill_egg", "price": 12.75, "enumHash": 229697410},
      {"itemId": "provision_heron_egg", "price": 12.75, "enumHash": 322658308},
      {"itemId": "provision_loon_egg", "price": 3.5, "enumHash": 410290576},
      {"itemId": "provision_eagle_egg", "price": 14.75, "enumHash": 742074887},
      {"itemId": "provision_vulture_egg", "price": 15, "enumHash": 1053249385},
      {"itemId": "provision_hawk_egg", "price": 14.75, "enumHash": 2060029625},
      {"itemId": "provision_egret_egg", "price": 12.5, "enumHash": -1232280687},
      {"itemId": "provision_duck_egg", "price": 2.25, "enumHash": -1117423291},
      {"itemId": "provision_goose_egg", "price": 3, "enumHash": -158375659}
    ]
  },
  {
    "category": "arrowhead",
    "price": 289,
    "itemsList": [
      {"itemId": "provision_arrowhead_rough", "price": 11.75, "enumHash": 261854063},
      {"itemId": "provision_arrowhead_splintered", "price": 8.75, "enumHash": 751981376},
      {"itemId": "provision_arrowhead_crude", "price": 9.5, "enumHash": 1063947084},
      {"itemId": "provision_arrowhead_chipped", "price": 8.25, "enumHash": 1546533744},
      {"itemId": "provision_arrowhead_feldspar", "price": 13, "enumHash": 1570512815},
      {"itemId": "provision_arrowhead_slate", "price": 12, "enumHash": -2023776602},
      {"itemId": "provision_arrowhead_bone", "price": 12.5, "enumHash": -1866466055},
      {"itemId": "provision_arrowhead_raw", "price": 9, "enumHash": -1850613113},
      {"itemId": "provision_arrowhead_obsidian", "price": 17, "enumHash": -1604348319},
      {"itemId": "provision_arrowhead_quartz", "price": 16.25, "enumHash": -965972353},
      {"itemId": "provision_arrowhead_flint", "price": 11.25, "enumHash": -909283963},
      {"itemId": "provision_arrowhead_agate", "price": 15.25, "enumHash": -250719930}
    ]
  },
  {
    "category": "heirlooms",
    "price": 292.5,
    "itemsList": [
      {"itemId": "provision_hrlm_hairpin_jade", "price": 11.75, "enumHash": 147602269},
      {"itemId": "provision_hrlm_comb_cherrywood", "price": 8.75, "enumHash": 249916796},
      {"itemId": "provision_hrlm_brush_ebony", "price": 9, "enumHash": 1006600695},
      {"itemId": "provision_hrlm_hairpin_metal", "price": 10.5, "enumHash": 1204853609},
      {"itemId": "provision_hrlm_hairpin_wooden", "price": 10, "enumHash": 1217599018},
      {"itemId": "provision_hrlm_comb_boxwood", "price": 8.75, "enumHash": 1416504149},
      {"itemId": "provision_hrlm_brush_goathair", "price": 8.5, "enumHash": 1742487931},
      {"itemId": "provision_hrlm_hairpin_ebony", "price": 12.25, "enumHash": 1979910825},
      {"itemId": "provision_hrlm_hairpin_ivory", "price": 13, "enumHash": -2058309720},
      {"itemId": "provision_hrlm_brush_rosewood", "price": 8, "enumHash": -1888442693},
      {"itemId": "provision_hrlm_comb_tortoiseshell", "price": 8.25, "enumHash": -1868057871},
      {"itemId": "provision_hrlm_comb_ivory", "price": 9.75, "enumHash": -1763726091},
      {"itemId": "provision_hrlm_brush_horsehair", "price": 9.25, "enumHash": -1631158895},
      {"itemId": "provision_hrlm_brush_boar", "price": 9, "enumHash": -753628968},
      {"itemId": "provision_hrlm_brush_rosewood_ng", "price": 9.5, "enumHash": -27315089}
    ]
  },
  {
    "category": "coin",
    "price": 540,
    "itemsList": [
      {"itemId": "provision_coin_1800_gld_qtr", "price": 21, "enumHash": 285783511},
      {"itemId": "provision_coin_1798_slv_dlr", "price": 18.25, "enumHash": 442429651},
      {"itemId": "provision_coin_1787_cent_tkn", "price": 18, "enumHash": 1030821510},
      {"itemId": "provision_coin_1794_slv_dlr", "price": 19, "enumHash": 1328162258},
      {"itemId": "provision_coin_1700_ny_tkn", "price": 20.25, "enumHash": 1496994240},
      {"itemId": "provision_coin_1800_five_dlr", "price": 17.75, "enumHash": 1640145676},
      {"itemId": "provision_coin_1792_qtr", "price": 14.5, "enumHash": 2116252151},
      {"itemId": "provision_coin_1800_gld_dlr", "price": 22, "enumHash": -1982102297},
      {"itemId": "provision_coin_1792_nickel", "price": 14.25, "enumHash": -1884965711},
      {"itemId": "provision_coin_1796_hlf_pny", "price": 14.75, "enumHash": -1867083042},
      {"itemId": "provision_coin_1795_hlf_eag", "price": 15, "enumHash": -1841900790},
      {"itemId": "provision_coin_1797_gld_eag", "price": 21.25, "enumHash": -1323673307},
      {"itemId": "provision_coin_1792_lib_qtr", "price": 20.75, "enumHash": -753018368},
      {"itemId": "provision_coin_1800_hlf_dime", "price": 18.5, "enumHash": -625323392},
      {"itemId": "provision_coin_1789_pny", "price": 14.75, "enumHash": -329116887}
    ]
  , "enumHash": -1}
]