[
    { "x": -40.7817, "y": 109.4863, "id": "der" },
    { "x": -43.1046, "y": 132.8263, "id": "grz" },
    { "x": -36.5097, "y": 154.1859, "id": "bbr" },
    { "x": -56.1619, "y": 78.5000, "id": "bgv" },
    { "x": -63.8927, "y": 105.3496, "id": "hrt_w" },
    { "x": -60.9622, "y": 130.6067, "id": "hrt_e" },
    { "x": -65.9688, "y": 150.4468, "id": "blu" },
    { "x": -84.2973, "y": 82.4512, "id": "tal" },
    { "x": -90.0802, "y": 135.6969, "id": "scm" },
    { "x": -100.0742, "y": 49.0765, "id": "cho" },
    { "x": -104.7679, "y": 85.7222, "id": "hen" },
    { "x": -123.9039, "y": 34.8213, "id": "rio" }
]