[
	{ "name": "adl_barn_int", "lat": -22.1616, "lng": 102.9868, "width": 196, "height": 210 },
	{ "name": "adl_cabin01_int", "lat": -21.6528, "lng": 102.6553, "width": 121, "height": 128 },
	{ "name": "agu_hut01_int", "lat": -172.3387, "lng": 132.7624, "width": 288, "height": 146 },
	{ "name": "agu_tower_int", "lat": -169.1402, "lng": 132.1569, "width": 175, "height": 176 },
	{ "name": "ann_depot_int", "lat": -43.6919, "lng": 156.8253, "width": 242, "height": 537 },
	{ "name": "ann_gunsmith_int", "lat": -43.1367, "lng": 157.0443, "width": 286, "height": 186 },
	{ "name": "ann_jail_int", "lat": -43.2312, "lng": 156.3887, "width": 222, "height": 168 },
	{ "name": "ann_mine_int_main", "lat": -42.5404, "lng": 153.9066, "width": 2004, "height": 2680 },
	{ "name": "ann_roomnbath_int", "lat": -42.9388, "lng": 157.0574, "width": 188, "height": 244 },
	{ "name": "ann_setlrs_reg_int", "lat": -42.7639, "lng": 156.6131, "width": 98, "height": 178 },
	{ "name": "ann_settlers_int", "lat": -42.7639, "lng": 156.6131, "width": 120, "height": 238 },
	{ "name": "arm_bank_int", "lat": -104.4128, "lng": 54.4027, "width": 194, "height": 371 },
	{ "name": "arm_genstore_int", "lat": -104.3662, "lng": 54.0822, "width": 241, "height": 213 },
	{ "name": "arm_saloon_int", "lat": -103.8482, "lng": 53.8248, "width": 272, "height": 369 },
	{ "name": "arm_sheriff_int", "lat": -103.9979, "lng": 55.0955, "width": 194, "height": 179 },
	{ "name": "arm_sheriff_int", "lat": -103.9979, "lng": 55.0955, "width": 194, "height": 179 },
	{ "name": "arm_trainstation_int", "lat": -104.0231, "lng": 53.4104, "width": 162, "height": 358 },
	{ "name": "aur_shack01_int", "lat": -85.0497, "lng": 71.2752, "width": 109, "height": 145 },
	{ "name": "bea_01_int", "lat": -40.8918, "lng": 146.9281, "width": 2196, "height": 2272 },
	{ "name": "bee_barn_int", "lat": -85.5238, "lng": 86.4353, "width": 196, "height": 252 },
	{ "name": "bee_house_int", "lat": -84.7152, "lng": 85.8307, "width": 251, "height": 349 },
	{ "name": "ben_shack_int", "lat": -117.7780, "lng": 30.5113, "width": 95, "height": 171 },
	{ "name": "ben_train_int", "lat": -117.4814, "lng": 30.1821, "width": 165, "height": 216 },
	{ "name": "bgv_devilcave_int", "lat": -52.8980, "lng": 69.9150, "width": 1450, "height": 1446 },
	{ "name": "bla_bank_int", "lat": -83.4125, "lng": 98.6452, "width": 272, "height": 173 },
	{ "name": "bla_barber_int", "lat": -84.8158, "lng": 98.6257, "width": 295, "height": 143 },
	{ "name": "bla_carriagehouse_int", "lat": -84.8033, "lng": 97.8135, "width": 486, "height": 264 },
	{ "name": "bla_fenceshop_int", "lat": -83.6052, "lng": 97.7758, "width": 255, "height": 181 },
	{ "name": "bla_genstore_int", "lat": -84.1485, "lng": 99.1456, "width": 318, "height": 165 },
	{ "name": "bla_jail_int", "lat": -83.3082, "lng": 99.4478, "width": 252, "height": 244 },
	{ "name": "bla_photo_int", "lat": -84.9286, "lng": 98.6561, "width": 203, "height": 137 },
	{ "name": "bla_saloon_int", "lat": -84.0398, "lng": 98.5946, "width": 376, "height": 327 },
	{ "name": "bla_tailor_int", "lat": -83.6680, "lng": 99.4086, "width": 242, "height": 146 },
	{ "name": "bla_theater_int", "lat": -84.7382, "lng": 99.2154, "width": 476, "height": 196 },
	{ "name": "bla_train_int", "lat": -84.2881, "lng": 97.7067, "width": 190, "height": 293 },
	{ "name": "bpl_swampcabin_int", "lat": -105.0613, "lng": 89.3657, "width": 98, "height": 142 },
	{ "name": "bra_boathouse_int", "lat": -75.6414, "lng": 142.6557, "width": 236, "height": 230 },
	{ "name": "bra_boathouse_int", "lat": -91.3808, "lng": 125.3046, "width": 236, "height": 230 },
	{ "name": "bra_cornmill_int", "lat": -95.0232, "lng": 126.4986, "width": 334, "height": 400 },
	{ "name": "bra_mansion_int", "lat": -91.0859, "lng": 126.9807, "width": 467, "height": 363 },
	{ "name": "bra_stable_int", "lat": -92.0142, "lng": 126.3018, "width": 170, "height": 332 },
	{ "name": "bra_tre_house_int", "lat": -94.4537, "lng": 128.6414, "width": 159, "height": 159 },
	{ "name": "brb_dockhouse_int", "lat": -110.6751, "lng": 79.8812, "width": 114, "height": 88 },
	{ "name": "bur_calaboose_int", "lat": -65.9489, "lng": 106.2233, "width": 226, "height": 222 },
	{ "name": "but_shack_int", "lat": -45.3749, "lng": 71.9919, "width": 94, "height": 97 },
	{ "name": "but_shack_int", "lat": -52.5788, "lng": 153.4611, "width": 94, "height": 97 },
	{ "name": "cal_carriage_house_int", "lat": -84.4434, "lng": 140.5452, "width": 415, "height": 484 },
	{ "name": "cal_tobacco_int", "lat": -83.4035, "lng": 139.7382, "width": 285, "height": 287 },
	{ "name": "can_manor_int", "lat": -70.1341, "lng": 150.0556, "width": 171, "height": 128 },
	{ "name": "car_barn_int", "lat": -50.0008, "lng": 123.2319, "width": 140, "height": 210 },
	{ "name": "car_house_int", "lat": -50.4577, "lng": 123.3535, "width": 232, "height": 199 },
	{ "name": "cas_house_int", "lat": -55.8856, "lng": 104.4006, "width": 129, "height": 79 },
	{ "name": "cat_house_01_int", "lat": -99.0011, "lng": 131.7609, "width": 353, "height": 372 },
	{ "name": "cat_shack01_int", "lat": -99.2159, "lng": 132.0345, "width": 106, "height": 119 },
	{ "name": "che_barn_int", "lat": -36.3951, "lng": 104.8487, "width": 195, "height": 208 },
	{ "name": "che_cabin1", "lat": -36.7554, "lng": 105.1135, "width": 332, "height": 326 },
	{ "name": "che_shack1_int", "lat": -36.6586, "lng": 104.7250, "width": 164, "height": 121 },
	{ "name": "cin_tor_int", "lat": -168.2764, "lng": 126.7978, "width": 244, "height": 428 },
	{ "name": "civ_cellar_int", "lat": -59.0873, "lng": 149.2453, "width": 154, "height": 200 },
	{ "name": "col_barn_int", "lat": -26.3691, "lng": 90.4776, "width": 268, "height": 214 },
	{ "name": "col_bunkhouse_int", "lat": -25.9496, "lng": 90.1837, "width": 91, "height": 135 },
	{ "name": "col_cabin_int", "lat": -25.7584, "lng": 90.2710, "width": 288, "height": 273 },
	{ "name": "col_school_int", "lat": -25.7539, "lng": 90.7853, "width": 145, "height": 265 },
	{ "name": "com_farmhouse_int", "lat": -69.9313, "lng": 130.9232, "width": 366, "height": 205 },
	{ "name": "com_muleshed_int", "lat": -70.4295, "lng": 130.4922, "width": 164, "height": 234 },
	{ "name": "cor_factoryb_int", "lat": -53.0487, "lng": 118.7433, "width": 821, "height": 325 },
	{ "name": "cro_house_int", "lat": -56.0061, "lng": 128.6397, "width": 257, "height": 244 },
	{ "name": "dai_farmhouse01_int", "lat": -77.1476, "lng": 132.5682, "width": 285, "height": 213 },
	{ "name": "din_barn_int", "lat": -48.2888, "lng": 114.3003, "width": 210, "height": 194 },
	{ "name": "din_house_int", "lat": -48.2998, "lng": 114.7439, "width": 168, "height": 222 },
	{ "name": "dis_1rmchurch_int", "lat": -75.0654, "lng": 148.7811, "width": 80, "height": 87 },
	{ "name": "dis_grz_preskull_int", "lat": -36.9979, "lng": 116.3457, "width": 178, "height": 254 },
	{ "name": "dis_grz_statue_int", "lat": -33.7434, "lng": 123.8170, "width": 744, "height": 502 },
	{ "name": "dis_stonehenge_int", "lat": -37.3140, "lng": 148.2255, "width": 721, "height": 610 },
	{ "name": "dis_tradepost_int", "lat": -70.0015, "lng": 114.2578, "width": 87, "height": 61 },
	{ "name": "dov_lab_int", "lat": -28.1093, "lng": 150.2620, "width": 195, "height": 380 },
	{ "name": "dow_barn_int", "lat": -58.3542, "lng": 97.9273, "width": 257, "height": 317 },
	{ "name": "dow_house_int", "lat": -58.1000, "lng": 98.6074, "width": 205, "height": 160 },
	{ "name": "eme_barn_int", "lat": -59.3526, "lng": 133.1695, "width": 212, "height": 254 },
	{ "name": "eme_depot_int", "lat": -56.7246, "lng": 134.9077, "width": 102, "height": 108 },
	{ "name": "eme_genstore_int", "lat": -57.7334, "lng": 133.3284, "width": 187, "height": 256 },
	{ "name": "eme_saloon_int", "lat": -57.8110, "lng": 133.7630, "width": 164, "height": 198 },
	{ "name": "gap_cartstop_int", "lat": -114.1877, "lng": 17.4597, "width": 179, "height": 271 },
	{ "name": "gap_mine_int", "lat": -112.3340, "lng": 18.5424, "width": 1813, "height": 2208 },
	{ "name": "grh_house_int", "lat": -69.6889, "lng": 110.3353, "width": 129, "height": 127 },
	{ "name": "gri_g1_shack_int", "lat": -37.3432, "lng": 95.4266, "width": 105, "height": 191 },
	{ "name": "gri_g2_shack_int", "lat": -30.0973, "lng": 80.8471, "width": 119, "height": 136 },
	{ "name": "han_barn_int", "lat": -52.2195, "lng": 76.8662, "width": 456, "height": 394 },
	{ "name": "han_house_int", "lat": -52.4430, "lng": 77.5023, "width": 237, "height": 362 },
	{ "name": "hrs_02_shop01_int", "lat": -51.2511, "lng": 157.2993, "width": 312, "height": 311 },
	{ "name": "j_14_cave01_int", "lat": -36.3123, "lng": 148.7983, "width": 579, "height": 925 },
	{ "name": "jum_horseshop_int", "lat": -66.6065, "lng": 130.0352, "width": 256, "height": 333 },
	{ "name": "jum_horseshop_int", "lat": -72.2923, "lng": 83.0445, "width": 256, "height": 333 },
	{ "name": "l_07_cave_int", "lat": -52.1813, "lng": 87.7370, "width": 272, "height": 456 },
	{ "name": "l_14_cave", "lat": -46.8638, "lng": 146.9339, "width": 2076, "height": 3841 },
	{ "name": "lak_dockhouse_int", "lat": -75.5504, "lng": 145.8996, "width": 306, "height": 225 },
	{ "name": "lak_hideout_int", "lat": -75.8135, "lng": 146.2635, "width": 220, "height": 336 },
	{ "name": "lak_houseruined_int", "lat": -75.4236, "lng": 146.3716, "width": 77, "height": 115 },
	{ "name": "lak_loveshack_int", "lat": -75.7324, "lng": 146.4761, "width": 88, "height": 99 },
	{ "name": "lar_house_int", "lat": -59.5456, "lng": 125.2861, "width": 240, "height": 159 },
	{ "name": "ldj_shack01_int", "lat": -114.8996, "lng": 58.5125, "width": 122, "height": 148 },
	{ "name": "lnn_lonnie_shack_int", "lat": -69.2338, "lng": 136.4634, "width": 204, "height": 154 },
	{ "name": "lof_outpost_int", "lat": -33.4205, "lng": 141.3236, "width": 222, "height": 239 },
	{ "name": "lon_mule_int", "lat": -75.1344, "lng": 97.9522, "width": 194, "height": 126 },
	{ "name": "luc_serial_house_int", "lat": -55.4054, "lng": 101.7607, "width": 273, "height": 266 },
	{ "name": "m05_mine_int", "lat": -61.9258, "lng": 74.9333, "width": 1075, "height": 631 },
	{ "name": "mac_house01_int", "lat": -65.8597, "lng": 145.9916, "width": 165, "height": 107 },
	{ "name": "maco_shack01_int", "lat": -75.0542, "lng": 140.4261, "width": 124, "height": 194 },
	{ "name": "man_cabin01_int", "lat": -89.4955, "lng": 80.5785, "width": 145, "height": 163 },
	{ "name": "met_house01_int", "lat": -32.5792, "lng": 149.7057, "width": 165, "height": 118 },
	{ "name": "mfr_blacksmith01_int", "lat": -100.5435, "lng": 74.0800, "width": 213, "height": 215 },
	{ "name": "mfr_cottage01_int", "lat": -100.7263, "lng": 74.5558, "width": 102, "height": 171 },
	{ "name": "mic_hideout_int", "lat": -44.2137, "lng": 88.1402, "width": 154, "height": 152 },
	{ "name": "mil_shed_int", "lat": -46.0183, "lng": 89.3305, "width": 146, "height": 119 },
	{ "name": "miy_fort_int", "lat": -156.2344, "lng": 138.8605, "width": 286, "height": 296 },
	{ "name": "new_art_int", "lat": -82.2240, "lng": 153.1630, "width": 383, "height": 538 },
	{ "name": "new_art_res", "lat": -82.3652, "lng": 153.8103, "width": 89, "height": 82 },
	{ "name": "new_barber_int", "lat": -81.9136, "lng": 152.4956, "width": 201, "height": 139 },
	{ "name": "new_carriagehouse_int", "lat": -86.1080, "lng": 150.2166, "width": 368, "height": 601 },
	{ "name": "new_com_bank_int", "lat": -83.6726, "lng": 152.3204, "width": 491, "height": 536 },
	{ "name": "new_exotic_int", "lat": -79.2691, "lng": 151.4656, "width": 164, "height": 291 },
	{ "name": "new_gamble_int", "lat": -83.5898, "lng": 153.4578, "width": 312, "height": 291 },
	{ "name": "new_gang01_int", "lat": -99.2541, "lng": 90.2586, "width": 123, "height": 156 },
	{ "name": "new_grocery_int", "lat": -84.0330, "lng": 155.1599, "width": 350, "height": 165 },
	{ "name": "new_gunshop_int", "lat": -83.5578, "lng": 153.4127, "width": 260, "height": 207 },
	{ "name": "new_hotel_3rd_floor_int", "lat": -84.4008, "lng": 154.1188, "width": 391, "height": 314 },
	{ "name": "new_magic_es_int", "lat": -84.6264, "lng": 153.1342, "width": 437, "height": 413 },
	{ "name": "new_magic_int", "lat": -84.6264, "lng": 153.1343, "width": 437, "height": 413 },
	{ "name": "new_man_bronte", "lat": -82.4723, "lng": 148.1034, "width": 568, "height": 459 },
	{ "name": "new_man_gala_int", "lat": -80.4227, "lng": 148.5735, "width": 608, "height": 507 },
	{ "name": "new_pharmacy_int", "lat": -82.7011, "lng": 153.4908, "width": 180, "height": 227 },
	{ "name": "new_photo_int", "lat": -80.9418, "lng": 153.7333, "width": 128, "height": 177 },
	{ "name": "new_pie_tunnel_int", "lat": -87.1153, "lng": 147.4108, "width": 831, "height": 626 },
	{ "name": "new_police_int", "lat": -83.9129, "lng": 150.1203, "width": 473, "height": 355 },
	{ "name": "new_res_doctor_int", "lat": -82.6958, "lng": 153.5898, "width": 419, "height": 291 },
	{ "name": "new_saloon01_int_main", "lat": -82.6445, "lng": 152.1694, "width": 303, "height": 302 },
	{ "name": "new_saloon02_int", "lat": -81.7452, "lng": 154.7273, "width": 221, "height": 291 },
	{ "name": "new_shady_shop_int", "lat": -82.2216, "lng": 155.6317, "width": 172, "height": 170 },
	{ "name": "new_stairwell01_int", "lat": -82.0153, "lng": 152.8497, "width": 237, "height": 268 },
	{ "name": "new_tailor01_int_main", "lat": -81.6705, "lng": 150.9069, "width": 248, "height": 388 },
	{ "name": "new_theater_int", "lat": -83.7412, "lng": 150.8039, "width": 474, "height": 857 },
	{ "name": "new_traindepot_int", "lat": -86.2394, "lng": 148.0305, "width": 549, "height": 431 },
	{ "name": "new_trolleydepot", "lat": -85.3153, "lng": 153.8083, "width": 448, "height": 257 },
	{ "name": "old_cptquarter_int", "lat": -40.2288, "lng": 116.5618, "width": 182, "height": 184 },
	{ "name": "old_jailsmth_int", "lat": -40.7249, "lng": 116.6316, "width": 202, "height": 215 },
	{ "name": "old_stable_int", "lat": -40.2320, "lng": 116.8310, "width": 205, "height": 249 },
	{ "name": "old_storage_int", "lat": -40.4627, "lng": 116.9576, "width": 169, "height": 166 },
	{ "name": "old_tower02_int", "lat": -40.7287, "lng": 116.9807, "width": 187, "height": 161 },
	{ "name": "old_tower03_int", "lat": -40.1570, "lng": 116.2746, "width": 99, "height": 101 },
	{ "name": "old_tower04_int", "lat": -40.0717, "lng": 116.9077, "width": 190, "height": 165 },
	{ "name": "old_tower1_int", "lat": -40.9576, "lng": 116.6745, "width": 101, "height": 101 },
	{ "name": "ora_house_01_int", "lat": -76.8169, "lng": 143.3830, "width": 194, "height": 182 },
	{ "name": "pai_barn_int", "lat": -64.6070, "lng": 101.5097, "width": 248, "height": 422 },
	{ "name": "pai_house_int", "lat": -64.0089, "lng": 101.7948, "width": 224, "height": 327 },
	{ "name": "pho_houseboat_int", "lat": -68.7287, "lng": 147.1341, "width": 142, "height": 114 },
	{ "name": "ple_house01_int", "lat": -101.1044, "lng": 43.4855, "width": 121, "height": 113 },
	{ "name": "privatearmoured_int", "lat": -43.1737, "lng": 105.1702, "width": 91, "height": 292 },
	{ "name": "pro_barn_int", "lat": -57.3996, "lng": 71.7339, "width": 505, "height": 445 },
	{ "name": "pro_mansion_int", "lat": -58.1732, "lng": 71.3816, "width": 497, "height": 343 },
	{ "name": "pro_worker_house_int", "lat": -56.5074, "lng": 71.0156, "width": 181, "height": 226 },
	{ "name": "pro_workshop_int", "lat": -57.2611, "lng": 71.0486, "width": 223, "height": 218 },
	{ "name": "qua_shack01_int", "lat": -93.6913, "lng": 92.6677, "width": 106, "height": 87 },
	{ "name": "qua_shack02_int", "lat": -93.7303, "lng": 93.2127, "width": 90, "height": 154 },
	{ "name": "rad_house_01_int", "lat": -83.7959, "lng": 128.5784, "width": 268, "height": 330 },
	{ "name": "rdl_house_01_int", "lat": -117.4356, "lng": 57.2153, "width": 122, "height": 116 },
	{ "name": "rho_bank_int", "lat": -83.8274, "lng": 131.2939, "width": 399, "height": 474 },
	{ "name": "rho_fenceshop_int", "lat": -81.3482, "lng": 131.7234, "width": 134, "height": 137 },
	{ "name": "rho_genstore_int", "lat": -83.6463, "lng": 131.8749, "width": 225, "height": 162 },
	{ "name": "rho_graysecret_int", "lat": -82.9727, "lng": 132.3446, "width": 139, "height": 77 },
	{ "name": "rho_gunsmith_int", "lat": -84.1128, "lng": 131.8497, "width": 239, "height": 202 },
	{ "name": "rho_saloon_int", "lat": -84.9341, "lng": 132.1234, "width": 338, "height": 513 },
	{ "name": "rho_sheriff_int", "lat": -83.7778, "lng": 132.3942, "width": 231, "height": 209 },
	{ "name": "rho_slum_player_int", "lat": -81.1853, "lng": 131.4019, "width": 155, "height": 176 },
	{ "name": "rho_train_int", "lat": -83.6842, "lng": 130.4519, "width": 454, "height": 496 },
	{ "name": "rig_station_int", "lat": -72.5242, "lng": 94.2949, "width": 168, "height": 168 },
	{ "name": "roc_house_int", "lat": -29.6051, "lng": 157.7108, "width": 335, "height": 321 },
	{ "name": "scr_shack_int", "lat": -121.7055, "lng": 20.4941, "width": 188, "height": 117 },
	{ "name": "sha_mansion_int", "lat": -92.5138, "lng": 140.7314, "width": 475, "height": 478 },
	{ "name": "shack_ai_int", "lat": -35.9930, "lng": 158.2829, "width": 204, "height": 147 },
	{ "name": "shack_b_a_int", "lat": -59.6750, "lng": 87.2156, "width": 227, "height": 189 },
	{ "name": "shack_b_b_int", "lat": -88.0941, "lng": 133.8779, "width": 223, "height": 207 },
	{ "name": "shack_b_c_int", "lat": -56.4142, "lng": 138.9896, "width": 203, "height": 211 },
	{ "name": "shack_bv_int", "lat": -50.5441, "lng": 73.1126, "width": 88, "height": 102 },
	{ "name": "shack_cwb_int", "lat": -45.1017, "lng": 142.0683, "width": 202, "height": 120 },
	{ "name": "shack_dr_int", "lat": -40.4559, "lng": 108.8639, "width": 151, "height": 159 },
	{ "name": "shack_hb_int", "lat": -56.2590, "lng": 74.5076, "width": 111, "height": 120 },
	{ "name": "shack_hf_int", "lat": -58.9183, "lng": 140.5984, "width": 113, "height": 164 },
	{ "name": "shack_it_01_int", "lat": -37.4281, "lng": 155.3070, "width": 202, "height": 129 },
	{ "name": "shack_it_02_int", "lat": -37.2802, "lng": 152.0343, "width": 203, "height": 128 },
	{ "name": "shack_lt_int", "lat": -78.8016, "lng": 128.8985, "width": 201, "height": 144 },
	{ "name": "shack_pl_int", "lat": -52.7842, "lng": 150.7614, "width": 145, "height": 86 },
	{ "name": "shack_rarefish_int", "lat": -73.9526, "lng": 116.6001, "width": 180, "height": 231 },
	{ "name": "shack_rc_int", "lat": -67.4981, "lng": 77.5456, "width": 202, "height": 147 },
	{ "name": "shack_sc_int", "lat": -47.4017, "lng": 100.5809, "width": 188, "height": 199 },
	{ "name": "shack_sk2_int", "lat": -79.2038, "lng": 137.7886, "width": 127, "height": 133 },
	{ "name": "shack_sp_int", "lat": -95.9126, "lng": 132.8473, "width": 192, "height": 261 },
	{ "name": "shack_sw_int", "lat": -76.9874, "lng": 148.0838, "width": 183, "height": 185 },
	{ "name": "shack_urr_int", "lat": -65.1751, "lng": 129.6873, "width": 241, "height": 113 },
	{ "name": "sil_house_int", "lat": -100.8296, "lng": 25.1097, "width": 172, "height": 110 },
	{ "name": "six_cabin_int", "lat": -44.3889, "lng": 110.3216, "width": 255, "height": 228 },
	{ "name": "sod_house_int", "lat": -54.5206, "lng": 140.2636, "width": 255, "height": 219 },
	{ "name": "sol_basement_int", "lat": -120.5407, "lng": 27.5468, "width": 113, "height": 285 },
	{ "name": "str_doctor_int", "lat": -70.3046, "lng": 83.2764, "width": 208, "height": 225 },
	{ "name": "str_dressingroom_int", "lat": -69.7218, "lng": 83.4526, "width": 102, "height": 53 },
	{ "name": "str_frt_int", "lat": -69.5442, "lng": 83.8972, "width": 202, "height": 183 },
	{ "name": "str_genst_int", "lat": -69.6008, "lng": 83.4802, "width": 137, "height": 185 },
	{ "name": "str_jailpost_int", "lat": -69.0475, "lng": 83.1833, "width": 243, "height": 265 },
	{ "name": "str_mayorshouse_int", "lat": -69.1583, "lng": 83.5909, "width": 139, "height": 151 },
	{ "name": "str_nemi_int", "lat": -70.3067, "lng": 83.8563, "width": 197, "height": 207 },
	{ "name": "str_res02_int_main", "lat": -69.7869, "lng": 83.6351, "width": 232, "height": 175 },
	{ "name": "str_whore_int", "lat": -69.3469, "lng": 83.1189, "width": 251, "height": 202 },
	{ "name": "swa_depot01_int", "lat": -69.1837, "lng": 106.1298, "width": 313, "height": 192 },
	{ "name": "swc_shack01_int", "lat": -100.7404, "lng": 83.1859, "width": 86, "height": 100 },
	{ "name": "tan_house_int", "lat": -88.2724, "lng": 74.3966, "width": 119, "height": 160 },
	{ "name": "tax_house_int", "lat": -68.8567, "lng": 85.2043, "width": 303, "height": 129 },
	{ "name": "the_ticketoffice_int", "lat": -99.2574, "lng": 89.5636, "width": 146, "height": 151 },
	{ "name": "tum_barn_int", "lat": -110.8668, "lng": 25.6324, "width": 338, "height": 364 },
	{ "name": "tum_genstore_int", "lat": -109.1864, "lng": 26.1268, "width": 258, "height": 141 },
	{ "name": "tum_gunsmith_int", "lat": -109.6276, "lng": 25.8113, "width": 129, "height": 188 },
	{ "name": "tum_jail_int", "lat": -109.0401, "lng": 25.4705, "width": 147, "height": 279 },
	{ "name": "tum_roomnbath_int", "lat": -109.7287, "lng": 25.6925, "width": 186, "height": 122 },
	{ "name": "tum_saloon_int", "lat": -108.8016, "lng": 25.7385, "width": 220, "height": 320 },
	{ "name": "twi_shack01_int", "lat": -96.5743, "lng": 49.8807, "width": 301, "height": 152 },
	{ "name": "val_bank_int_main", "lat": -51.6141, "lng": 106.5344, "width": 281, "height": 406 },
	{ "name": "val_carriagehouse_int", "lat": -52.9074, "lng": 107.0459, "width": 641, "height": 288 },
	{ "name": "val_doctor_int", "lat": -51.0393, "lng": 106.8480, "width": 239, "height": 335 },
	{ "name": "val_genstore", "lat": -51.1572, "lng": 106.2688, "width": 229, "height": 284 },
	{ "name": "val_gunsmith_int_main", "lat": -51.4589, "lng": 106.9496, "width": 193, "height": 174 },
	{ "name": "val_hotel_int_main", "lat": -51.6967, "lng": 106.2578, "width": 347, "height": 409 },
	{ "name": "val_jail_int", "lat": -51.0682, "lng": 107.0156, "width": 221, "height": 226 },
	{ "name": "val_magiclantern_int", "lat": -52.8016, "lng": 105.8745, "width": 237, "height": 327 },
	{ "name": "val_res_01_f_int", "lat": -52.1738, "lng": 107.2505, "width": 127, "height": 138 },
	{ "name": "val_res_a_int", "lat": -50.1582, "lng": 106.7992, "width": 167, "height": 129 },
	{ "name": "val_saloon_int", "lat": -51.0531, "lng": 106.4895, "width": 325, "height": 498 },
	{ "name": "val_saloon2_int", "lat": -51.6511, "lng": 107.5406, "width": 284, "height": 252 },
	{ "name": "val_stable_int", "lat": -51.4007, "lng": 105.5840, "width": 331, "height": 326 },
	{ "name": "val_trainstn_int", "lat": -53.8760, "lng": 108.4834, "width": 418, "height": 487 },
	{ "name": "van_depot_int", "lat": -54.7132, "lng": 157.5751, "width": 301, "height": 142 },
	{ "name": "van_exoticgoods_int", "lat": -54.8827, "lng": 158.2230, "width": 267, "height": 220 },
	{ "name": "van_farmhse01_int", "lat": -55.3089, "lng": 154.4715, "width": 384, "height": 375 },
	{ "name": "van_fenceshop_int", "lat": -54.9071, "lng": 156.8102, "width": 179, "height": 272 },
	{ "name": "van_hobo_int", "lat": -55.8651, "lng": 157.4663, "width": 171, "height": 244 },
	{ "name": "van_hotel_int", "lat": -55.2167, "lng": 157.0331, "width": 437, "height": 390 },
	{ "name": "van_lighthouse_int", "lat": -56.8933, "lng": 158.4018, "width": 119, "height": 127 },
	{ "name": "van_mansion_int", "lat": -59.3411, "lng": 155.1147, "width": 285, "height": 224 },
	{ "name": "van_roomnbath_int", "lat": -54.7059, "lng": 157.5743, "width": 303, "height": 140 },
	{ "name": "van_saloon_int", "lat": -55.4770, "lng": 157.0185, "width": 289, "height": 328 },
	{ "name": "ven_shack01_int", "lat": -110.3135, "lng": 56.1603, "width": 203, "height": 107 },
	{ "name": "vet_house_int", "lat": -40.1451, "lng": 137.6880, "width": 157, "height": 137 },
	{ "name": "wal_trainstation_int", "lat": -57.4657, "lng": 91.0628, "width": 293, "height": 207 },
	{ "name": "wat_cabin_int", "lat": -53.3813, "lng": 83.0792, "width": 132, "height": 132 }
]