[
    {"text": "map_bards_crossing", "x": -71.0705, "y": 102.4924, "radius": 3.05, "locations": [{"x": -73.3076, "y": 103.5062}, {"x": -70.7230, "y": 104.0455}, {"x": -68.9660, "y": 101.9826}, {"x": -70.8033, "y": 99.9256}]},
    {"text": "map_benedict_point", "x": -117.5712, "y": 29.0509, "radius": 2.42, "locations": [{"x": -119.1237, "y": 28.1627}, {"x": -116.7298, "y": 30.3638}, {"x": -117.1308, "y": 29.2022}, {"x": -115.5035, "y": 29.0229}]},
    {"text": "map_blackbone_forest", "x": -61.2260, "y": 70.2377, "radius": 2.27, "locations": [{"x": -59.7797, "y": 70.3180}, {"x": -61.1770, "y": 68.8338}, {"x": -63.2565, "y": 70.4366}, {"x": -62.3436, "y": 70.9157}]},
    {"text": "map_bluewater_marsh", "x": -72.5757, "y": 147.2159, "radius": 1.65, "locations": [{"x": -71.3840, "y": 147.2276}, {"x": -71.5283, "y": 146.5018}, {"x": -73.1861, "y": 148.4094}, {"x": -73.2320, "y": 146.1082}]},
    {"text": "map_brandywine", "x": -32.5952, "y": 152.6979, "radius": 1.19, "locations": [{"x": -31.8415, "y": 152.9774}, {"x": -31.9557, "y": 152.7365}, {"x": -32.7405, "y": 153.4469}, {"x": -32.2425, "y": 151.6828}]},
    {"text": "map_burnt_town", "x": -65.5198, "y": 105.7933, "radius": 0.84, "locations": [{"x": -65.9537, "y": 106.1724}, {"x": -65.4091, "y": 105.6074}, {"x": -65.2951, "y": 106.3846}, {"x": -66.0884, "y": 105.9545}]},
    {"text": "map_calumet_ravine", "x": -29.4774, "y": 121.8822, "radius": 1.97, "locations": [{"x": -28.7938, "y": 120.8345}, {"x": -30.1418, "y": 123.0693}, {"x": -29.1008, "y": 122.4996}, {"x": -28.0048, "y": 121.6612}]},
    {"text": "map_cattail_pond", "x": -51.6674, "y": 95.6891, "radius": 2.27, "locations": [{"x": -52.7083, "y": 96.1709}, {"x": -51.5784, "y": 97.5411}, {"x": -51.9748, "y": 95.4936}, {"x": -51.6183, "y": 94.8501}]},
    {"text": "map_citadel_rock", "x": -59.1851, "y": 114.3243, "radius": 2.89, "locations": [{"x": -60.6413, "y": 113.1614}, {"x": -57.3874, "y": 114.1748}, {"x": -57.6756, "y": 112.5449}, {"x": -58.5331, "y": 115.9888}]},
    {"text": "map_civil_war_field", "x": -91.4679, "y": 134.8144, "radius": 1.96, "locations": [{"x": -91.0762, "y": 135.5649}, {"x": -91.9032, "y": 134.2824}, {"x": -92.1814, "y": 135.9172}, {"x": -91.2596, "y": 133.4993}]},
    {"text": "map_cumberland_forest_west", "x": -48.9899, "y": 111.5588, "radius": 2.43, "locations": [{"x": -49.5077, "y": 111.2919}, {"x": -47.9786, "y": 110.8943}, {"x": -47.9144, "y": 113.2782}, {"x": -49.2923, "y": 109.6318}]},
    {"text": "map_dakota_river_bend", "x": -58.9882, "y": 92.9828, "radius": 1.96, "locations": [{"x": -59.0157, "y": 91.3863}, {"x": -58.5170, "y": 92.8169}, {"x": -59.1587, "y": 94.3148}, {"x": -57.7401, "y": 93.7789}]},
    {"text": "map_diablo_ridge", "x": -67.4307, "y": 93.6770, "radius": 1.81, "locations": [{"x": -67.4625, "y": 92.7622}, {"x": -66.0649, "y": 93.2774}, {"x": -66.8371, "y": 93.9961}, {"x": -68.4428, "y": 94.6109}]},
    {"text": "map_east_watsons", "x": -52.7184, "y": 85.8938, "radius": 2.58, "locations": [{"x": -52.0816, "y": 87.7159}, {"x": -53.7962, "y": 86.4475}, {"x": -51.3164, "y": 84.7921}, {"x": -53.7851, "y": 84.1160}]},
    {"text": "map_gaptooth_breach", "x": -112.5927, "y": 18.3853, "radius": 2.12, "locations": [{"x": -113.5477, "y": 17.9598}, {"x": -111.6993, "y": 19.6205}, {"x": -112.6856, "y": 16.7235}, {"x": -113.7842, "y": 19.0121}]},
    {"text": "map_hanging_rock", "x": -97.6929, "y": 58.2650, "radius": 2.58, "locations": [{"x": -96.2293, "y": 59.0328}, {"x": -97.0089, "y": 56.4307}, {"x": -98.7083, "y": 57.8027}, {"x": -98.2803, "y": 60.4430}]},
    {"text": "map_hawkseye_creek", "x": -75.5695, "y": 91.2365, "radius": 2.27, "locations": [{"x": -76.4124, "y": 92.4442}, {"x": -74.7296, "y": 91.1058}, {"x": -77.0403, "y": 91.0656}, {"x": -75.3195, "y": 90.2274}]},
    {"text": "map_hennigans_stead", "x": -104.6154, "y": 79.4741, "radius": 2.58, "locations": [{"x": -105.9038, "y": 81.2213}, {"x": -104.9790, "y": 79.5062}, {"x": -105.2843, "y": 77.6939}, {"x": -106.5345, "y": 79.3760}]},
    {"text": "map_north_macfarlanes", "x": -97.4440, "y": 76.3350, "radius": 2.58, "locations": [{"x": -99.3951, "y": 77.7843}, {"x": -95.0769, "y": 75.7584}, {"x": -97.2084, "y": 74.5468}, {"x": -95.8638, "y": 77.3496}]},
    {"text": "map_kamassa_river", "x": -36.6418, "y": 149.5157, "radius": 1.96, "locations": [{"x": -37.1734, "y": 148.3548}, {"x": -36.6016, "y": 148.6251}, {"x": -36.1092, "y": 150.2016}, {"x": -35.0664, "y": 149.5776}]},
    {"text": "map_lake_isabella", "x": -36.9070, "y": 84.3357, "radius": 2.43, "locations": [{"x": -36.0699, "y": 83.5751}, {"x": -36.2929, "y": 82.5409}, {"x": -38.1228, "y": 83.4135}, {"x": -38.1837, "y": 85.6998}]},
    {"text": "map_little_creek", "x": -51.1769, "y": 73.2665, "radius": 2.27, "locations": [{"x": -50.9944, "y": 72.5072}, {"x": -52.4808, "y": 71.9377}, {"x": -50.4102, "y": 71.8230}, {"x": -49.9502, "y": 74.5459}]},
    {"text": "map_north_clingman", "x": -48.4499, "y": 141.5521, "radius": 2.58, "locations": [{"x": -48.2180, "y": 142.9664}, {"x": -48.9337, "y": 140.8801}, {"x": -49.5798, "y": 141.6604}, {"x": -47.7256, "y": 139.8631}]},
    {"text": "map_north_ridgewood", "x": -99.5289, "y": 34.7673, "radius": 2.27, "locations": [{"x": -100.1846, "y": 35.7353}, {"x": -100.8367, "y": 34.9755}, {"x": -99.5303, "y": 33.4976}, {"x": -97.9565, "y": 34.3925}]},
    {"text": "map_north_tumbleweed", "x": -103.0934, "y": 25.9436, "radius": 3.05, "locations": [{"x": -104.8803, "y": 27.3558}, {"x": -103.7496, "y": 24.6653}, {"x": -102.5460, "y": 27.9618}, {"x": -100.5307, "y": 25.0765}]},
    {"text": "map_ocreaghs_run", "x": -37.3004, "y": 141.8745, "radius": 2.27, "locations": [{"x": -38.4142, "y": 141.3198}, {"x": -38.5131, "y": 143.2793}, {"x": -35.7205, "y": 142.0029}, {"x": -36.1164, "y": 140.5672}]},
    {"text": "map_san_luis_shore", "x": -117.9907, "y": 62.1942, "radius": 2.27, "locations": [{"x": -117.1929, "y": 63.7877}, {"x": -116.3588, "y": 62.4918}, {"x": -119.5196, "y": 61.4445}, {"x": -118.8827, "y": 62.2871}]},
    {"text": "map_south_roanoke", "x": -55.3668, "y": 150.5948, "radius": 2.74, "locations": [{"x": -54.6050, "y": 149.0129}, {"x": -53.6642, "y": 152.0193}, {"x": -57.4691, "y": 150.8499}, {"x": -55.4621, "y": 148.7072}]},
    {"text": "map_west_hill_haven", "x": -78.0115, "y": 126.2235, "radius": 2.43, "locations": [{"x": -78.6483, "y": 127.9368}, {"x": -78.2586, "y": 126.7943}, {"x": -77.0185, "y": 125.8307}, {"x": -78.9090, "y": 125.4085}]}
]