{"type":"FeatureCollection","features":[{"type":"Feature","properties":{"type":"fasttravel"},"geometry":{"type":"LineString","coordinates":[[26.853516,-109.318359],[53.414063,-104.378906]]}},{"type":"Feature","properties":{"type":"fasttravel"},"geometry":{"type":"LineString","coordinates":[[26.853516,-109.318359],[72.414063,-101.515625]]}},{"type":"Feature","properties":{"type":"fasttravel"},"geometry":{"type":"LineString","coordinates":[[26.853516,-109.318359],[80.789063,-88.585937]]}},{"type":"Feature","properties":{"type":"fasttravel"},"geometry":{"type":"LineString","coordinates":[[26.853516,-109.318359],[99.763672,-82.910156]]}},{"type":"Feature","properties":{"type":"fasttravel"},"geometry":{"type":"LineString","coordinates":[[26.853516,-109.318359],[84.296875,-70.029297]]}},{"type":"Feature","properties":{"type":"fasttravel"},"geometry":{"type":"LineString","coordinates":[[26.853516,-109.318359],[108.382813,-53.578125]]}},{"type":"Feature","properties":{"type":"fasttravel"},"geometry":{"type":"LineString","coordinates":[[26.853516,-109.318359],[91.046875,-25.925781]]}},{"type":"Feature","properties":{"type":"fasttravel"},"geometry":{"type":"LineString","coordinates":[[26.853516,-109.318359],[118.789063,-29.722656]]}},{"type":"Feature","properties":{"type":"fasttravel"},"geometry":{"type":"LineString","coordinates":[[26.853516,-109.318359],[134.818359,-56.773437]]}},{"type":"Feature","properties":{"type":"fasttravel"},"geometry":{"type":"LineString","coordinates":[[26.853516,-109.318359],[130.65625,-83.660156]]}},{"type":"Feature","properties":{"type":"fasttravel"},"geometry":{"type":"LineString","coordinates":[[26.853516,-109.318359],[152.679688,-86.324219]]}},{"type":"Feature","properties":{"type":"fasttravel"},"geometry":{"type":"LineString","coordinates":[[26.853516,-109.318359],[143.859375,-72.59375]]}},{"type":"Feature","properties":{"type":"fasttravel"},"geometry":{"type":"LineString","coordinates":[[26.853516,-109.318359],[156.320313,-53.699219]]}},{"type":"Feature","properties":{"type":"fasttravel"},"geometry":{"type":"LineString","coordinates":[[26.853516,-109.318359],[156.765625,-43.464844]]}},{"type":"Feature","properties":{"type":"fasttravel"},"geometry":{"type":"LineString","coordinates":[[53.414063,-104.378906],[72.414063,-101.515625]]}},{"type":"Feature","properties":{"type":"fasttravel"},"geometry":{"type":"LineString","coordinates":[[53.414063,-104.378906],[80.789063,-88.585937]]}},{"type":"Feature","properties":{"type":"fasttravel"},"geometry":{"type":"LineString","coordinates":[[53.414063,-104.378906],[99.763672,-82.910156]]}},{"type":"Feature","properties":{"type":"fasttravel"},"geometry":{"type":"LineString","coordinates":[[53.414063,-104.378906],[84.296875,-70.029297]]}},{"type":"Feature","properties":{"type":"fasttravel"},"geometry":{"type":"LineString","coordinates":[[53.414063,-104.378906],[91.046875,-25.925781]]}},{"type":"Feature","properties":{"type":"fasttravel"},"geometry":{"type":"LineString","coordinates":[[53.414063,-104.378906],[118.789063,-29.722656]]}},{"type":"Feature","properties":{"type":"fasttravel"},"geometry":{"type":"LineString","coordinates":[[53.414063,-104.378906],[108.382813,-53.578125]]}},{"type":"Feature","properties":{"type":"fasttravel"},"geometry":{"type":"LineString","coordinates":[[53.414063,-104.378906],[134.818359,-56.773437]]}},{"type":"Feature","properties":{"type":"fasttravel"},"geometry":{"type":"LineString","coordinates":[[53.414063,-104.378906],[156.765625,-43.464844]]}},{"type":"Feature","properties":{"type":"fasttravel"},"geometry":{"type":"LineString","coordinates":[[53.414063,-104.378906],[156.320313,-53.699219]]}},{"type":"Feature","properties":{"type":"fasttravel"},"geometry":{"type":"LineString","coordinates":[[53.414063,-104.378906],[143.859375,-72.59375]]}},{"type":"Feature","properties":{"type":"fasttravel"},"geometry":{"type":"LineString","coordinates":[[53.414063,-104.378906],[130.65625,-83.660156]]}},{"type":"Feature","properties":{"type":"fasttravel"},"geometry":{"type":"LineString","coordinates":[[53.414063,-104.378906],[152.679688,-86.324219]]}},{"type":"Feature","properties":{"type":"fasttravel"},"geometry":{"type":"LineString","coordinates":[[72.414063,-101.515625],[80.789063,-88.585937]]}},{"type":"Feature","properties":{"type":"fasttravel"},"geometry":{"type":"LineString","coordinates":[[72.414063,-101.515625],[99.763672,-82.910156]]}},{"type":"Feature","properties":{"type":"fasttravel"},"geometry":{"type":"LineString","coordinates":[[72.414063,-101.515625],[84.296875,-70.029297]]}},{"type":"Feature","properties":{"type":"fasttravel"},"geometry":{"type":"LineString","coordinates":[[72.414063,-101.515625],[91.046875,-25.925781]]}},{"type":"Feature","properties":{"type":"fasttravel"},"geometry":{"type":"LineString","coordinates":[[72.414063,-101.515625],[118.789063,-29.722656]]}},{"type":"Feature","properties":{"type":"fasttravel"},"geometry":{"type":"LineString","coordinates":[[72.414063,-101.515625],[108.382813,-53.578125]]}},{"type":"Feature","properties":{"type":"fasttravel"},"geometry":{"type":"LineString","coordinates":[[72.414063,-101.515625],[156.765625,-43.464844]]}},{"type":"Feature","properties":{"type":"fasttravel"},"geometry":{"type":"LineString","coordinates":[[72.414063,-101.515625],[134.818359,-56.773437]]}},{"type":"Feature","properties":{"type":"fasttravel"},"geometry":{"type":"LineString","coordinates":[[72.414063,-101.515625],[156.320313,-53.699219]]}},{"type":"Feature","properties":{"type":"fasttravel"},"geometry":{"type":"LineString","coordinates":[[72.414063,-101.515625],[143.859375,-72.59375]]}},{"type":"Feature","properties":{"type":"fasttravel"},"geometry":{"type":"LineString","coordinates":[[72.414063,-101.515625],[130.65625,-83.660156]]}},{"type":"Feature","properties":{"type":"fasttravel"},"geometry":{"type":"LineString","coordinates":[[72.414063,-101.515625],[152.679688,-86.324219]]}},{"type":"Feature","properties":{"type":"fasttravel"},"geometry":{"type":"LineString","coordinates":[[80.789063,-88.585937],[99.763672,-82.910156]]}},{"type":"Feature","properties":{"type":"fasttravel"},"geometry":{"type":"LineString","coordinates":[[80.789063,-88.585937],[84.296875,-70.029297]]}},{"type":"Feature","properties":{"type":"fasttravel"},"geometry":{"type":"LineString","coordinates":[[80.789063,-88.585937],[108.382813,-53.578125]]}},{"type":"Feature","properties":{"type":"fasttravel"},"geometry":{"type":"LineString","coordinates":[[80.789063,-88.585937],[91.046875,-25.925781]]}},{"type":"Feature","properties":{"type":"fasttravel"},"geometry":{"type":"LineString","coordinates":[[80.789063,-88.585937],[118.789063,-29.722656]]}},{"type":"Feature","properties":{"type":"fasttravel"},"geometry":{"type":"LineString","coordinates":[[80.789063,-88.585937],[134.818359,-56.773437]]}},{"type":"Feature","properties":{"type":"fasttravel"},"geometry":{"type":"LineString","coordinates":[[80.789063,-88.585937],[156.765625,-43.464844]]}},{"type":"Feature","properties":{"type":"fasttravel"},"geometry":{"type":"LineString","coordinates":[[80.789063,-88.585937],[156.320313,-53.699219]]}},{"type":"Feature","properties":{"type":"fasttravel"},"geometry":{"type":"LineString","coordinates":[[80.789063,-88.585937],[143.859375,-72.59375]]}},{"type":"Feature","properties":{"type":"fasttravel"},"geometry":{"type":"LineString","coordinates":[[80.789063,-88.585937],[130.65625,-83.660156]]}},{"type":"Feature","properties":{"type":"fasttravel"},"geometry":{"type":"LineString","coordinates":[[80.789063,-88.585937],[152.679688,-86.324219]]}},{"type":"Feature","properties":{"type":"fasttravel"},"geometry":{"type":"LineString","coordinates":[[99.763672,-82.910156],[84.296875,-70.029297]]}},{"type":"Feature","properties":{"type":"fasttravel"},"geometry":{"type":"LineString","coordinates":[[99.763672,-82.910156],[91.046875,-25.925781]]}},{"type":"Feature","properties":{"type":"fasttravel"},"geometry":{"type":"LineString","coordinates":[[99.763672,-82.910156],[108.382813,-53.578125]]}},{"type":"Feature","properties":{"type":"fasttravel"},"geometry":{"type":"LineString","coordinates":[[99.763672,-82.910156],[118.789063,-29.722656]]}},{"type":"Feature","properties":{"type":"fasttravel"},"geometry":{"type":"LineString","coordinates":[[99.763672,-82.910156],[134.818359,-56.773437]]}},{"type":"Feature","properties":{"type":"fasttravel"},"geometry":{"type":"LineString","coordinates":[[99.763672,-82.910156],[156.765625,-43.464844]]}},{"type":"Feature","properties":{"type":"fasttravel"},"geometry":{"type":"LineString","coordinates":[[99.763672,-82.910156],[156.320313,-53.699219]]}},{"type":"Feature","properties":{"type":"fasttravel"},"geometry":{"type":"LineString","coordinates":[[99.763672,-82.910156],[143.859375,-72.59375]]}},{"type":"Feature","properties":{"type":"fasttravel"},"geometry":{"type":"LineString","coordinates":[[99.763672,-82.910156],[130.65625,-83.660156]]}},{"type":"Feature","properties":{"type":"fasttravel"},"geometry":{"type":"LineString","coordinates":[[99.763672,-82.910156],[152.679688,-86.324219]]}},{"type":"Feature","properties":{"type":"fasttravel"},"geometry":{"type":"LineString","coordinates":[[84.296875,-70.029297],[91.046875,-25.925781]]}},{"type":"Feature","properties":{"type":"fasttravel"},"geometry":{"type":"LineString","coordinates":[[84.296875,-70.029297],[108.382813,-53.578125]]}},{"type":"Feature","properties":{"type":"fasttravel"},"geometry":{"type":"LineString","coordinates":[[84.296875,-70.029297],[118.789063,-29.722656]]}},{"type":"Feature","properties":{"type":"fasttravel"},"geometry":{"type":"LineString","coordinates":[[84.296875,-70.029297],[134.818359,-56.773437]]}},{"type":"Feature","properties":{"type":"fasttravel"},"geometry":{"type":"LineString","coordinates":[[84.296875,-70.029297],[156.765625,-43.464844]]}},{"type":"Feature","properties":{"type":"fasttravel"},"geometry":{"type":"LineString","coordinates":[[84.296875,-70.029297],[156.320313,-53.699219]]}},{"type":"Feature","properties":{"type":"fasttravel"},"geometry":{"type":"LineString","coordinates":[[84.296875,-70.029297],[143.859375,-72.59375]]}},{"type":"Feature","properties":{"type":"fasttravel"},"geometry":{"type":"LineString","coordinates":[[84.296875,-70.029297],[130.65625,-83.660156]]}},{"type":"Feature","properties":{"type":"fasttravel"},"geometry":{"type":"LineString","coordinates":[[84.296875,-70.029297],[152.679688,-86.324219]]}},{"type":"Feature","properties":{"type":"fasttravel"},"geometry":{"type":"LineString","coordinates":[[91.046875,-25.925781],[108.382813,-53.578125]]}},{"type":"Feature","properties":{"type":"fasttravel"},"geometry":{"type":"LineString","coordinates":[[91.046875,-25.925781],[118.789063,-29.722656]]}},{"type":"Feature","properties":{"type":"fasttravel"},"geometry":{"type":"LineString","coordinates":[[91.046875,-25.925781],[156.765625,-43.464844]]}},{"type":"Feature","properties":{"type":"fasttravel"},"geometry":{"type":"LineString","coordinates":[[91.046875,-25.925781],[156.320313,-53.699219]]}},{"type":"Feature","properties":{"type":"fasttravel"},"geometry":{"type":"LineString","coordinates":[[91.046875,-25.925781],[134.818359,-56.773437]]}},{"type":"Feature","properties":{"type":"fasttravel"},"geometry":{"type":"LineString","coordinates":[[91.046875,-25.925781],[143.859375,-72.59375]]}},{"type":"Feature","properties":{"type":"fasttravel"},"geometry":{"type":"LineString","coordinates":[[91.046875,-25.925781],[152.679688,-86.324219]]}},{"type":"Feature","properties":{"type":"fasttravel"},"geometry":{"type":"LineString","coordinates":[[91.046875,-25.925781],[130.65625,-83.660156]]}},{"type":"Feature","properties":{"type":"fasttravel"},"geometry":{"type":"LineString","coordinates":[[108.382813,-53.578125],[118.789063,-29.724609]]}},{"type":"Feature","properties":{"type":"fasttravel"},"geometry":{"type":"LineString","coordinates":[[108.382813,-53.578125],[156.765625,-43.464844]]}},{"type":"Feature","properties":{"type":"fasttravel"},"geometry":{"type":"LineString","coordinates":[[108.382813,-53.578125],[156.320313,-53.699219]]}},{"type":"Feature","properties":{"type":"fasttravel"},"geometry":{"type":"LineString","coordinates":[[108.382813,-53.578125],[134.818359,-56.773437]]}},{"type":"Feature","properties":{"type":"fasttravel"},"geometry":{"type":"LineString","coordinates":[[108.382813,-53.578125],[143.859375,-72.59375]]}},{"type":"Feature","properties":{"type":"fasttravel"},"geometry":{"type":"LineString","coordinates":[[108.382813,-53.578125],[152.679688,-86.324219]]}},{"type":"Feature","properties":{"type":"fasttravel"},"geometry":{"type":"LineString","coordinates":[[108.382813,-53.578125],[130.65625,-83.660156]]}},{"type":"Feature","properties":{"type":"fasttravel"},"geometry":{"type":"LineString","coordinates":[[118.789063,-29.722656],[156.765625,-43.464844]]}},{"type":"Feature","properties":{"type":"fasttravel"},"geometry":{"type":"LineString","coordinates":[[118.789063,-29.722656],[134.818359,-56.773437]]}},{"type":"Feature","properties":{"type":"fasttravel"},"geometry":{"type":"LineString","coordinates":[[118.789063,-29.722656],[156.320313,-53.699219]]}},{"type":"Feature","properties":{"type":"fasttravel"},"geometry":{"type":"LineString","coordinates":[[118.789063,-29.722656],[143.859375,-72.59375]]}},{"type":"Feature","properties":{"type":"fasttravel"},"geometry":{"type":"LineString","coordinates":[[118.789063,-29.722656],[130.65625,-83.660156]]}},{"type":"Feature","properties":{"type":"fasttravel"},"geometry":{"type":"LineString","coordinates":[[118.789063,-29.722656],[152.679688,-86.324219]]}},{"type":"Feature","properties":{"type":"fasttravel"},"geometry":{"type":"LineString","coordinates":[[156.765625,-43.464844],[134.818359,-56.773437]]}},{"type":"Feature","properties":{"type":"fasttravel"},"geometry":{"type":"LineString","coordinates":[[156.765625,-43.464844],[156.320313,-53.699219]]}},{"type":"Feature","properties":{"type":"fasttravel"},"geometry":{"type":"LineString","coordinates":[[156.765625,-43.464844],[143.859375,-72.59375]]}},{"type":"Feature","properties":{"type":"fasttravel"},"geometry":{"type":"LineString","coordinates":[[156.765625,-43.464844],[152.679688,-86.324219]]}},{"type":"Feature","properties":{"type":"fasttravel"},"geometry":{"type":"LineString","coordinates":[[156.765625,-43.464844],[130.65625,-83.660156]]}},{"type":"Feature","properties":{"type":"fasttravel"},"geometry":{"type":"LineString","coordinates":[[134.818359,-56.773437],[156.320313,-53.699219]]}},{"type":"Feature","properties":{"type":"fasttravel"},"geometry":{"type":"LineString","coordinates":[[134.818359,-56.773437],[143.859375,-72.59375]]}},{"type":"Feature","properties":{"type":"fasttravel"},"geometry":{"type":"LineString","coordinates":[[134.818359,-56.773437],[152.679688,-86.324219]]}},{"type":"Feature","properties":{"type":"fasttravel"},"geometry":{"type":"LineString","coordinates":[[134.818359,-56.773437],[130.65625,-83.660156]]}},{"type":"Feature","properties":{"type":"fasttravel"},"geometry":{"type":"LineString","coordinates":[[156.320313,-53.699219],[143.859375,-72.59375]]}},{"type":"Feature","properties":{"type":"fasttravel"},"geometry":{"type":"LineString","coordinates":[[156.320313,-53.699219],[152.679688,-86.324219]]}},{"type":"Feature","properties":{"type":"fasttravel"},"geometry":{"type":"LineString","coordinates":[[156.320313,-53.699219],[130.65625,-83.660156]]}},{"type":"Feature","properties":{"type":"fasttravel"},"geometry":{"type":"LineString","coordinates":[[143.859375,-72.59375],[130.65625,-83.660156]]}},{"type":"Feature","properties":{"type":"fasttravel"},"geometry":{"type":"LineString","coordinates":[[143.859375,-72.59375],[152.679688,-86.324219]]}},{"type":"Feature","properties":{"type":"fasttravel"},"geometry":{"type":"LineString","coordinates":[[130.65625,-83.660156],[152.679688,-86.324219]]}}]}