[
    {"key": "consumable_plymouth_gin"},
    {"key": "document_card_knight_pentacles"},
    {"key": "provision_jewelry_moon_ring"},
    {"key": "provision_jewelry_pearl_ring"},
    {"key": "provision_hrlm_brush_horsehair"},
    {"key": "document_card_ace_cups"},
    {"key": "provision_jewelry_gld_pendt_necklace"},
    {"key": "document_card_king_pentacles"},
    {"key": "document_card_nine_swords"},
    {"key": "document_card_nine_pentacles"},
    {"key": "document_card_three_wands"},
    {"key": "provision_jewelry_grnet_post_earring"},
    {"key": "provision_coin_1792_nickel"},
    {"key": "document_card_page_wands"},
    {"key": "provision_wldflwr_wisteria"},
    {"key": "provision_duck_egg"},
    {"key": "document_card_eight_cups"},
    {"key": "provision_arrowhead_splintered"},
    {"key": "document_card_four_wands"},
    {"key": "provision_hrlm_hairpin_ivory"},
    {"key": "document_card_four_swords"},
    {"key": "consumable_londry_gin"},
    {"key": "provision_jewelry_mthr_pearl_necklace"},
    {"key": "document_card_ten_swords"},
    {"key": "provision_hrlm_hairpin_metal"},
    {"key": "provision_hrlm_comb_tortoiseshell"},
    {"key": "provision_jewelry_rudy_dngl_earring"},
    {"key": "consumable_oldtom_gin"},
    {"key": "provision_coin_1797_gld_eag"},
    {"key": "document_card_page_pentacles"},
    {"key": "provision_jewelry_slvr_pearl_necklace"},
    {"key": "provision_jewelry_turq_stud_earring"},
    {"key": "provision_egret_egg"},
    {"key": "document_card_eight_wands"},
    {"key": "provision_heron_egg"},
    {"key": "provision_jewelry_pearl_earring"},
    {"key": "consumable_irish_whiskey"},
    {"key": "document_card_seven_cups"},
    {"key": "document_card_two_swords"},
    {"key": "provision_spoonbill_egg"},
    {"key": "document_card_knight_cups"},
    {"key": "document_card_six_wands"},
    {"key": "document_card_knight_swords"},
    {"key": "document_card_four_pentacles"},
    {"key": "document_card_ten_wands"},
    {"key": "provision_jewelry_onyx_ring"},
    {"key": "provision_hrlm_hairpin_ebony"},
    {"key": "provision_wldflwr_blood_flower_1"},
    {"key": "provision_jewelry_emerald_ring"},
    {"key": "provision_hrlm_brush_rosewood_ng"},
    {"key": "document_card_seven_pentacles"},
    {"key": "document_card_five_pentacles"},
    {"key": "provision_wldflwr_cardinal_flower"},
    {"key": "provision_coin_1798_slv_dlr"},
    {"key": "document_card_ace_swords"},
    {"key": "provision_jewelry_ylwgld_dmnd_ring"},
    {"key": "provision_jewelry_topaz_ring"},
    {"key": "provision_coin_1700_ny_tkn"},
    {"key": "consumable_tenn_whiskey"},
    {"key": "provision_arrowhead_slate"},
    {"key": "document_card_two_pentacles"},
    {"key": "document_card_knight_wands"},
    {"key": "provision_hrlm_comb_cherrywood"},
    {"key": "provision_jewelry_qn_dmnd_earring"},
    {"key": "document_card_six_pentacles"},
    {"key": "document_card_five_wands"},
    {"key": "provision_jewelry_turquoise_bracelet"},
    {"key": "provision_wldflwr_creek_plum"},
    {"key": "document_card_ten_pentacles"},
    {"key": "provision_hrlm_brush_ebony"},
    {"key": "document_card_eight_swords"},
    {"key": "document_card_seven_wands"},
    {"key": "provision_arrowhead_bone"},
    {"key": "provision_goose_egg_1"},
    {"key": "provision_coin_1800_hlf_dime"},
    {"key": "provision_loon_egg"},
    {"key": "provision_wldflwr_bitterweed_1"},
    {"key": "consumable_cognac"},
    {"key": "provision_coin_1792_lib_qtr"},
    {"key": "provision_jewelry_gld_bngle_bracelet"},
    {"key": "document_card_page_swords"},
    {"key": "provision_hrlm_brush_rosewood"},
    {"key": "provision_arrowhead_raw"},
    {"key": "document_card_six_swords"},
    {"key": "provision_jewelry_porcelain_necklace"},
    {"key": "document_card_queen_swords"},
    {"key": "provision_coin_1789_pny"},
    {"key": "document_card_three_pentacles"},
    {"key": "provision_jewelry_pearl_bracelet"},
    {"key": "document_card_king_cups"},
    {"key": "provision_jewelry_gld_pearl_necklace"},
    {"key": "provision_hawk_egg_1"},
    {"key": "document_card_ace_pentacles"},
    {"key": "provision_coin_1787_cent_tkn"},
    {"key": "provision_arrowhead_agate"},
    {"key": "provision_jewelry_wht_dmnd_earring"},
    {"key": "provision_coin_1792_qtr"},
    {"key": "consumable_carib_rum"},
    {"key": "provision_arrowhead_rough"},
    {"key": "provision_jewelry_sphr_bracelet"},
    {"key": "provision_jewelry_amethyst_necklace"},
    {"key": "provision_jewelry_pers_turq_ring"},
    {"key": "document_card_ten_cups"},
    {"key": "provision_jewelry_turquoise_ring"},
    {"key": "provision_jewelry_elk_tooth_earring"},
    {"key": "provision_hrlm_comb_boxwood"},
    {"key": "document_card_three_swords"},
    {"key": "provision_coin_1796_hlf_pny"},
    {"key": "provision_hrlm_hairpin_wooden"},
    {"key": "provision_jewelry_coral_ring"},
    {"key": "document_card_three_cups"},
    {"key": "provision_jewelry_whtgld_dmnd_ring"},
    {"key": "provision_arrowhead_quartz"},
    {"key": "provision_jewelry_blck_pearl_necklace"},
    {"key": "provision_eagle_egg_2"},
    {"key": "provision_jewelry_gld_cross_necklace"},
    {"key": "document_card_eight_pentacles"},
    {"key": "document_card_ace_wands"},
    {"key": "provision_jewelry_sphr_bngle_bracelet"},
    {"key": "document_card_two_cups"},
    {"key": "provision_coin_1794_slv_dlr"},
    {"key": "provision_arrowhead_obsidian"},
    {"key": "provision_jewelry_dmnd_pendt_earring"},
    {"key": "document_card_nine_wands"},
    {"key": "document_card_five_swords"},
    {"key": "provision_arrowhead_crude"},
    {"key": "provision_jewelry_grnet_bracelet"},
    {"key": "provision_wldflwr_chocolate_daisy"},
    {"key": "provision_hrlm_comb_ivory"},
    {"key": "document_card_two_wands"},
    {"key": "document_card_five_cups"},
    {"key": "provision_coin_1800_five_dlr"},
    {"key": "consumable_cyprus_brandy"},
    {"key": "provision_jewelry_drop_earring"},
    {"key": "provision_jewelry_dmnd_bngle_bracelet"},
    {"key": "document_card_seven_swords"},
    {"key": "document_card_page_cups"},
    {"key": "provision_arrowhead_flint"},
    {"key": "provision_jewelry_french_dmnd_ring"},
    {"key": "provision_vulture_egg"},
    {"key": "provision_hrlm_brush_goathair"},
    {"key": "document_card_king_wands"},
    {"key": "document_card_nine_cups"},
    {"key": "provision_jewelry_coral_dngl_earring"},
    {"key": "provision_coin_1800_gld_qtr"},
    {"key": "provision_wldflwr_agarita_1"},
    {"key": "document_card_four_cups"},
    {"key": "provision_jewelry_carved_bracelet"},
    {"key": "document_card_queen_wands"},
    {"key": "provision_jewelry_topaz_necklace"},
    {"key": "provision_wldflwr_wild_rhubarb"},
    {"key": "provision_arrowhead_feldspar"},
    {"key": "provision_hrlm_brush_boar"},
    {"key": "provision_hrlm_hairpin_jade"},
    {"key": "provision_coin_1800_gld_dlr"},
    {"key": "provision_arrowhead_chipped"},
    {"key": "document_card_six_cups"},
    {"key": "provision_coin_1795_hlf_eag"},
    {"key": "consumable_scotch_whiskey"},
    {"key": "document_card_queen_cups"},
    {"key": "provision_jewelry_emerald_earring"},
    {"key": "provision_wldflwr_texas_blue_bonnet"},
    {"key": "document_card_queen_pentacles"},
    {"key": "document_card_king_swords"}
]
